date,daily_pnl,daily_volume,daily_trades,sentiment_value,sentiment
2023-04-30,0.0,477.0,3,60,Greed
2023-12-04,0.0,50005.83,9,74,Greed
2023-12-13,-281.80463900000007,50778.4,3,65,Greed
2023-12-14,51.737868,73034.9,10,72,Greed
2023-12-16,329.708097,92173.07,11,67,Greed
2023-12-17,-24.725312,39453.72,6,73,Greed
2023-12-18,0.0,31164.179999999997,2,65,Greed
2023-12-19,1062.278674,172916.63,25,73,Greed
2023-12-20,230.269674,143462.09,41,74,Greed
2023-12-21,407.933948,71631.64,21,70,Greed
2023-12-22,288.769379,137775.34,18,74,Greed
2023-12-23,891.334604,302905.96,35,70,Greed
2023-12-24,-127.79599599999999,159997.49,7,71,Greed
2023-12-26,790.0414470000001,51166.14,9,71,Greed
2023-12-27,-1494.930674,120244.92,19,73,Greed
2023-12-28,-818.801864,201627.81,40,73,Greed
2023-12-29,630.420437,969492.71,71,65,Greed
2023-12-30,81.57134199999999,201106.66,14,68,Greed
2023-12-31,0.0,101356.87999999999,8,67,Greed
2024-01-01,-382.32568100000003,275179.05,19,65,Greed
2024-01-02,1020.480503,127005.88,36,71,Greed
2024-01-03,814.704701,376338.36,44,70,Greed
2024-01-04,285.107453,100688.88,3,68,Greed
2024-01-05,14.615776000000047,1901775.18,85,72,Greed
2024-01-06,-453.558516,239799.59,24,70,Greed
2024-01-07,-589.5193899999999,1526372.3699999999,145,71,Greed
2024-01-08,341.160131,1277228.1099999999,105,71,Greed
2024-01-09,-3736.6645829999998,2334939.83,199,76,Extreme Greed
2024-01-10,1032.966932,220344.81,23,73,Greed
2024-01-11,-342.985034,355317.54,18,76,Extreme Greed
2024-01-12,-1790.004944,50228.060000000005,2,71,Greed
2024-01-15,1092.482122,103581.34999999999,17,52,Neutral
2024-01-16,-3198.1815779999997,163397.73,9,64,Greed
2024-01-17,772.655689,900935.01,85,60,Greed
2024-01-18,-316.28204500000004,649513.66,48,63,Greed
2024-01-19,-271.39869000000004,868486.3,92,51,Neutral
2024-01-20,391.200966,308261.16000000003,36,52,Neutral
2024-01-21,208.727551,112927.7,34,56,Greed
2024-01-22,1166.9134080000001,224951.29,51,55,Greed
2024-01-23,-3002.84111,1079774.94,86,50,Neutral
2024-01-24,-174.75743500000002,299828.58,27,48,Neutral
2024-01-25,-3003.429385,78339.34,11,52,Neutral
2024-01-28,-1993.222618,430248.35,83,54,Neutral
2024-01-29,-36.269769,202288.64,23,55,Greed
2024-01-30,-935.5097989999999,6506438.73,887,61,Greed
2024-01-31,0.0,2008.18,6,60,Greed
2024-02-01,51.71156399999999,371749.83,28,63,Greed
2024-02-02,398.834586,403191.11,43,63,Greed
2024-02-03,276.81040499999995,505845.04,56,60,Greed
2024-02-04,22.382425999999974,570622.28,67,60,Greed
2024-02-05,-338.450977,4493572.91,605,60,Greed
2024-02-06,308.24057,3757415.2,499,64,Greed
2024-02-07,0.0,2999.9900000000002,10,62,Greed
2024-02-08,770.756024,26051.12,10,66,Greed
2024-02-11,983.443176,212311.82,34,71,Greed
2024-02-12,913.8817869999998,227247.69999999998,16,70,Greed
2024-02-13,750.740554,104701.17,37,79,Extreme Greed
2024-02-14,3755.331389,228358.36000000002,91,74,Greed
2024-02-15,2058.794457,217401.4,88,72,Greed
2024-02-16,5516.133391,656355.15,172,72,Greed
2024-02-17,1896.692243,307808.81,78,76,Extreme Greed
2024-02-18,152.18482999999986,146471.34,98,72,Greed
2024-02-19,4653.534467,266952.16,106,75,Extreme Greed
2024-02-20,2927.86292,123844.79000000001,32,72,Greed
2024-02-21,4665.31235,281514.44,77,78,Extreme Greed
2024-02-22,2506.14422,300667.49,175,74,Greed
2024-02-25,-30.7705,4480.13,5,74,Greed
2024-02-26,4416.8473,193187.11000000002,40,72,Greed
2024-02-27,1218.283893,227813.08000000002,69,79,Extreme Greed
2024-02-28,6697.596123,405374.83999999997,87,82,Extreme Greed
2024-02-29,8514.226523,345658.52,129,80,Extreme Greed
2024-03-01,5136.7410629999995,326136.07,100,80,Extreme Greed
2024-03-02,114.550367,6325.9400000000005,6,80,Extreme Greed
2024-03-03,8361.100415,390940.36,95,83,Extreme Greed
2024-03-04,34033.091237,1843868.1,360,82,Extreme Greed
2024-03-05,17943.899482,804714.63,167,90,Extreme Greed
2024-03-06,2428.622033,98247.8,19,75,Extreme Greed
2024-03-07,103.028932,5441.33,14,82,Extreme Greed
2024-03-08,5304.005241,240938.57,66,81,Extreme Greed
2024-03-09,12083.821487,743982.7,135,84,Extreme Greed
2024-03-10,-786.5406,71373.18000000001,11,79,Extreme Greed
2024-03-11,3588.179495,176519.44999999998,42,82,Extreme Greed
2024-03-12,3039.166,103040.85,8,81,Extreme Greed
2024-03-13,65.480454,12067.08,8,81,Extreme Greed
2024-03-14,7398.820138,421825.97,52,88,Extreme Greed
2024-03-15,2238.078891,139935.34,29,83,Extreme Greed
2024-03-16,228.57984,61550.64,13,81,Extreme Greed
2024-03-17,715.613255,70394.44,17,79,Extreme Greed
2024-03-18,1244.6384,92744.81,23,77,Extreme Greed
2024-03-19,5762.903096,391753.71,83,79,Extreme Greed
2024-03-20,3664.537551,154231.35,33,74,Greed
2024-03-23,1297.018477,92592.20999999999,19,73,Greed
2024-03-25,2460.1937080000002,129660.08,38,75,Extreme Greed
2024-03-26,2115.794433,153131.32,99,81,Extreme Greed
2024-03-27,93.24602,72754.9,26,83,Extreme Greed
2024-03-28,1110.948412,92236.7,20,80,Extreme Greed
2024-03-29,0.0,30001.39,8,79,Extreme Greed
2024-03-30,1100.57514,101103.92,45,75,Extreme Greed
2024-03-31,913.627084,75909.42,22,75,Extreme Greed
2024-04-01,2773.532459,420732.95,78,79,Extreme Greed
2024-04-02,617.35082,122405.57,31,79,Extreme Greed
2024-04-03,126.7884,37887.72,7,71,Greed
2024-04-04,965.5522159999999,100952.66,37,70,Greed
2024-04-05,9740.93209,477826.72,92,79,Extreme Greed
2024-04-06,236.33513399999998,68223.67,16,75,Extreme Greed
2024-04-07,0.0,49988.14,23,78,Extreme Greed
2024-04-08,1218.4267,211940.64,30,76,Extreme Greed
2024-04-09,0.0,57063.840000000004,3,80,Extreme Greed
2024-04-10,5207.443414,363737.11,47,78,Extreme Greed
2024-04-11,389.743164,64399.82,10,76,Extreme Greed
2024-04-12,4960.4749249999995,791685.69,184,79,Extreme Greed
2024-04-13,-35458.224649,706182.29,107,72,Greed
2024-04-14,1733.90606,171104.12,48,72,Greed
2024-04-15,3631.10099,288633.63,58,74,Greed
2024-04-16,1299.327011,103074.64,16,65,Greed
2024-04-17,2441.4683999999997,97562.99,14,67,Greed
2024-04-18,1509.898976,291817.74,27,57,Greed
2024-04-19,436.546486,45440.18000000001,8,66,Greed
2024-04-20,0.0,60733.24,22,66,Greed
2024-04-21,0.0,14998.2,3,72,Greed
2024-04-22,0.0,50992.64,10,73,Greed
2024-04-23,1119.536196,227057.57,64,71,Greed
2024-04-24,279.185907,173251.09,21,72,Greed
2024-04-25,0.0,76265.26,71,72,Greed
2024-04-26,0.0,4988.290000000001,3,70,Greed
2024-04-27,4281.488139,159261.66999999998,39,67,Greed
2024-04-28,0.0,58208.52,67,65,Greed
2024-04-29,526.9338359999999,89478.89,24,67,Greed
2024-04-30,0.0,182033.11000000002,33,67,Greed
2024-05-01,0.0,30011.09,5,54,Neutral
2024-05-03,5306.017045,315672.05,38,48,Neutral
2024-05-04,0.0,26009.35,7,67,Greed
2024-05-05,0.916,24068.350000000002,6,69,Greed
2024-05-06,968.59038,206016.43,9,71,Greed
2024-05-07,883.537693,135549.83000000002,22,68,Greed
2024-05-08,1.56576,90142.95,18,64,Greed
2024-05-09,1147.595856,203955.13,25,55,Greed
2024-05-10,2101.741695,123891.36,16,66,Greed
2024-05-11,251.604742,86446.93,22,53,Neutral
2024-05-12,0.0,31981.58,10,56,Greed
2024-05-13,2136.853859,193118.9,28,57,Greed
2024-05-14,1150.5233050000002,145853.4,23,66,Greed
2024-05-15,948.970582,271758.18,49,64,Greed
2024-05-16,214.5898,125785.35,14,70,Greed
2024-05-18,3522.3946610000003,126303.14,25,73,Greed
2024-05-19,-74.818442,50123.350000000006,13,72,Greed
2024-05-20,7289.397571999999,938921.48,103,70,Greed
2024-05-21,0.0,180026.6,27,76,Extreme Greed
2024-05-22,0.0,44995.29,6,76,Extreme Greed
2024-05-23,1235.296607,452662.5,327,76,Extreme Greed
2024-05-24,0.0,25007.149999999998,2,74,Greed
2024-05-25,14.126038999999999,5483.86,15,76,Extreme Greed
2024-05-26,876.4585850000001,69707.13,48,75,Extreme Greed
2024-05-27,1031.581185,134885.38,218,74,Greed
2024-05-28,84.807008,8781.34,13,72,Greed
2024-05-29,201.681118,76228.23,154,72,Greed
2024-05-30,18.623306,3531.98,9,73,Greed
2024-05-31,18.990074,2701.22,9,73,Greed
2024-06-01,105.442494,15648.53,29,72,Greed
2024-06-02,263.886914,34342.26,126,73,Greed
2024-06-03,477.896166,13275.42,32,73,Greed
2024-06-04,52.211438,25355.0,54,73,Greed
2024-06-05,56.055506,24239.18,53,75,Extreme Greed
2024-06-06,274.173187,333263.38,261,78,Extreme Greed
2024-06-07,9031.606255,967236.96,440,77,Extreme Greed
2024-06-08,0.0,32998.06,2,72,Greed
2024-06-09,0.04285,22610.03,19,75,Extreme Greed
2024-06-10,31.223955,48321.3,74,72,Greed
2024-06-11,4320.631811,372867.71,137,74,Greed
2024-06-12,-20931.146553,242842.81,220,72,Greed
2024-06-13,5677.372175,81621.4,76,70,Greed
2024-06-14,10258.592609,139868.66,31,74,Greed
2024-06-15,3369.958346,718350.25,78,74,Greed
2024-06-16,1268.7590360000002,152716.94,18,71,Greed
2024-06-17,9613.319699,266197.77,35,71,Greed
2024-06-18,127.77326,264153.69,48,74,Greed
2024-06-19,4759.883684,399418.39999999997,61,64,Greed
2024-06-20,58252.01423,248710.03,64,60,Greed
2024-06-21,756.876565,220859.03,39,63,Greed
2024-06-22,0.0,76092.48,14,53,Neutral
2024-06-23,0.0,122492.11000000002,14,55,Greed
2024-06-24,4869.353105,367628.14999999997,43,51,Neutral
2024-06-25,4197.732182,354671.57,54,30,Fear
2024-06-26,0.0,28494.75,57,46,Neutral
2024-06-27,0.0,129987.36,18,40,Fear
2024-06-28,1649.643372,193337.78,16,47,Neutral
2024-06-29,4500.682773,117069.97,68,30,Fear
2024-06-30,0.0,20715.85,20,47,Neutral
2024-07-01,7487.092424,375469.27,65,53,Neutral
2024-07-02,0.0,44.2,3,51,Neutral
2024-07-03,1118.387284,234622.63999999998,22,50,Neutral
2024-07-04,0.0,375542.38,20,44,Fear
2024-07-05,68.442082,274284.82,52,29,Fear
2024-07-06,101.859038,993.99,14,26,Fear
2024-07-08,231.505974,1738.09,7,28,Fear
2024-07-09,589.872069,1991.95,11,27,Fear
2024-07-10,11805.341276000001,711405.4,58,28,Fear
2024-07-11,3289.126736,183466.43,27,29,Fear
2024-07-12,234.778463,52501.6,11,25,Fear
2024-07-13,2678.839374,138690.01,13,25,Fear
2024-07-14,0.0,84001.13,7,33,Fear
2024-07-15,-1.0,242344.84,34,52,Neutral
2024-07-16,0.0,100000.58,14,65,Greed
2024-07-17,1859.269477,626005.53,351,69,Greed
2024-07-18,3803.884311,649704.85,60,61,Greed
2024-07-19,2155.891114,150269.42,23,60,Greed
2024-07-20,1771.2323,324803.05,430,74,Greed
2024-07-21,-2489.5128210000003,160528.57,294,74,Greed
2024-07-22,80130.195672,522343.71,376,70,Greed
2024-07-23,11333.95961,143724.36,145,71,Greed
2024-07-24,1542.299739,267755.46,114,69,Greed
2024-07-25,0.0,470027.75,57,68,Greed
2024-07-26,9167.136769,1299334.99,193,68,Greed
2024-07-27,0.0,4442.76,6,72,Greed
2024-07-28,587.29903,43254.68,16,71,Greed
2024-07-29,330.80445399999996,327199.14,39,74,Greed
2024-07-30,0.0,76011.61,9,67,Greed
2024-07-31,765.690884,50107.020000000004,46,61,Greed
2024-08-01,721.2005069999999,313696.07,61,52,Neutral
2024-08-02,228.247701,304793.21,53,57,Greed
2024-08-03,464.1897,290532.86,37,37,Fear
2024-08-04,-122672.000883,1207744.07,127,34,Fear
2024-08-05,-13013.665169,480308.32,152,26,Fear
2024-08-06,425.150188,3360.96,53,17,Extreme Fear
2024-08-07,-9.755102,16596.63,21,29,Fear
2024-08-08,6508.8620789999995,317146.52,32,20,Extreme Fear
2024-08-09,11573.209197,187258.33,118,48,Neutral
2024-08-10,0.0,10639.29,85,40,Fear
2024-08-11,1706.44712,90897.66,63,39,Fear
2024-08-12,212.08102,14787.02,17,25,Fear
2024-08-13,0.0,15553.880000000001,30,31,Fear
2024-08-14,2168.9015130000003,66189.24,22,30,Fear
2024-08-15,825.230544,166382.84,35,29,Fear
2024-08-17,-288.283113,30248.96,30,25,Fear
2024-08-18,307.201888,62804.48,15,31,Fear
2024-08-19,339.69958299999996,100315.03,8,28,Fear
2024-08-20,192.602844,49914.8,12,30,Fear
2024-08-21,656.200925,104990.41,145,26,Fear
2024-08-23,1005.30527,98509.23,17,34,Fear
2024-08-24,0.0,21950.28,17,56,Greed
2024-08-26,231.236918,125360.01,52,55,Greed
2024-08-27,1333.359645,108661.48999999999,13,48,Neutral
2024-08-29,256.464,19735.23,2,29,Fear
2024-08-30,0.0,127494.0,14,34,Fear
2024-08-31,10.882801,7507.29,25,29,Fear
2024-09-01,137.433093,42360.1,14,26,Fear
2024-09-04,1065.785132,131480.97,34,27,Fear
2024-09-05,0.0,0.84,1,29,Fear
2024-09-06,-1104.856765,39047.1,42,22,Extreme Fear
2024-09-08,0.0,0.11,1,29,Fear
2024-09-09,-219.729659,5794.97,4,26,Fear
2024-09-10,0.0,766.74,1,33,Fear
2024-09-11,0.0,0.54,1,37,Fear
2024-09-13,0.0,1014.1500000000001,10,32,Fear
2024-09-14,0.0,0.65,1,50,Neutral
2024-09-17,-878.684794,13633.5,145,33,Fear
2024-09-18,0.0,1521.8700000000001,19,45,Neutral
2024-09-20,45750.60361,498521.5,39,54,Neutral
2024-09-22,334.760796,50334.04,4,52,Neutral
2024-09-23,0.0,11005.05,10,50,Neutral
2024-09-24,0.0,6113.57,1,54,Neutral
2024-09-25,0.0,52754.130000000005,9,59,Greed
2024-09-26,439.812513,113711.93000000001,8,50,Neutral
2024-09-27,0.0,155296.25,60,61,Greed
2024-09-30,2710.626288,214669.85,106,61,Greed
2024-10-01,0.0,239908.66,8,50,Neutral
2024-10-02,0.0,6413.16,2,42,Fear
2024-10-03,100.375782,126522.53,7,37,Fear
2024-10-04,5719.08107,485636.81,24,41,Fear
2024-10-05,178.567901,220102.44,25,49,Neutral
2024-10-06,0.0,199997.39,11,50,Neutral
2024-10-07,5396.546638,654568.18,55,50,Neutral
2024-10-08,396.06272,120399.27,9,49,Neutral
2024-10-09,0.0,180001.45,10,49,Neutral
2024-10-10,0.0,220024.15,13,39,Fear
2024-10-11,9292.785427,638483.84,35,32,Fear
2024-10-12,134.09676,10133.75,1,49,Neutral
2024-10-13,0.0,60002.42,10,50,Neutral
2024-10-14,1913.61958,71915.59,6,48,Neutral
2024-10-15,1230.496376,91233.28,8,65,Greed
2024-10-16,195.325536,100204.28,13,73,Greed
2024-10-17,269.525061,200764.06,9,71,Greed
2024-10-18,63.69408,80061.16,5,73,Greed
2024-10-19,0.0,40000.22,1,72,Greed
2024-10-20,1826.930782,202466.95,120,73,Greed
2024-10-21,1027.140579,298098.9,149,72,Greed
2024-10-22,0.0,60000.36,3,70,Greed
2024-10-23,-46.489941,210006.07,18,71,Greed
2024-10-24,4060.784935,284096.55,15,69,Greed
2024-10-25,51647.071266,232455.49,21,72,Greed
2024-10-27,666.6623079999999,120662.2,5,74,Greed
2024-10-28,167.28016200000002,221484.78,20,72,Greed
2024-10-29,810.320899,491612.33999999997,63,72,Greed
2024-10-30,-2.5534149999999998,33448.5,16,77,Extreme Greed
2024-10-31,1216.5972259999999,896214.92,41,77,Extreme Greed
2024-11-01,1040.475736,270989.97000000003,23,75,Extreme Greed
2024-11-03,1888.495714,350925.35,15,74,Greed
2024-11-04,1589.390688,430569.51,37,70,Greed
2024-11-05,-3.41119,32002.440000000002,6,70,Greed
2024-11-06,6182.17652,111742.41,104,70,Greed
2024-11-07,1132.4250359999999,151494.65,26,77,Extreme Greed
2024-11-08,-64.41354100000007,210703.14,31,75,Extreme Greed
2024-11-09,651.27489,351708.86,102,75,Extreme Greed
2024-11-10,6754.744631,787178.47,281,78,Extreme Greed
2024-11-11,1382.888623,1329739.26,269,76,Extreme Greed
2024-11-12,10230.053417,1426664.94,179,80,Extreme Greed
2024-11-13,1500.739245,665358.89,39,84,Extreme Greed
2024-11-14,3878.112375,808877.79,123,88,Extreme Greed
2024-11-15,5277.860412,1164586.24,157,80,Extreme Greed
2024-11-16,1338.414594,410947.43,167,86,Extreme Greed
2024-11-17,841.8843459999999,1251753.86,216,90,Extreme Greed
2024-11-18,4778.980365,1930643.82,383,83,Extreme Greed
2024-11-19,2036.612333,1078413.71,329,90,Extreme Greed
2024-11-20,5072.131648,1565790.64,470,83,Extreme Greed
2024-11-21,1092.618889,1112608.72,721,82,Extreme Greed
2024-11-22,-17953.916488,962804.85,495,94,Extreme Greed
2024-11-23,3186.897664,703391.16,354,93,Extreme Greed
2024-11-24,5755.058937,773785.97,166,80,Extreme Greed
2024-11-25,211.993347,1006621.97,321,82,Extreme Greed
2024-11-26,1075.238145,861337.69,244,79,Extreme Greed
2024-11-27,-133555.953943,3002551.93,321,75,Extreme Greed
2024-11-28,4600.011966,350270.86,250,77,Extreme Greed
2024-11-29,203688.398411,980186.87,464,78,Extreme Greed
2024-11-30,11088.123728,1563977.48,356,84,Extreme Greed
2024-12-01,40848.894472,800217.59,373,81,Extreme Greed
2024-12-02,17528.883845,494196.15,215,80,Extreme Greed
2024-12-03,202216.988903,1300764.16,480,76,Extreme Greed
2024-12-04,116269.882736,1100525.09,248,78,Extreme Greed
2024-12-05,76170.654001,1962212.88,519,84,Extreme Greed
2024-12-06,-67386.522631,2501645.08,387,72,Greed
2024-12-07,53841.852311999995,463474.43,308,75,Extreme Greed
2024-12-08,15959.830292999999,692870.35,395,79,Extreme Greed
2024-12-09,15448.402293,1819818.01,824,78,Extreme Greed
2024-12-10,32444.812223,2568693.06,1396,78,Extreme Greed
2024-12-11,392988.711332,2215785.62,1202,74,Greed
2024-12-12,539414.920744,5443342.2,2068,83,Extreme Greed
2024-12-13,30924.330292,2177997.94,1177,76,Extreme Greed
2024-12-14,156258.945406,2317873.74,1130,83,Extreme Greed
2024-12-15,104013.667502,2896789.87,1768,80,Extreme Greed
2024-12-16,227098.343065,2848185.27,1264,83,Extreme Greed
2024-12-17,147841.332797,6250951.1,1947,87,Extreme Greed
2024-12-18,30002.107614,3263385.82,1478,81,Extreme Greed
2024-12-19,56212.564652,7848764.5,3118,75,Extreme Greed
2024-12-20,254592.697517,7238700.66,2558,74,Greed
2024-12-21,149694.710366,4285488.0,1576,73,Greed
2024-12-22,346008.071862,3229657.9699999997,742,73,Greed
2024-12-23,-18140.910821999998,6364268.85,2150,70,Greed
2024-12-24,2220.635456,1688537.04,409,73,Greed
2024-12-25,9026.258193,473221.37,204,73,Greed
2024-12-26,51401.562973,2041151.3,632,79,Extreme Greed
2024-12-27,2849.312899,284541.83,265,74,Greed
2024-12-28,1127.436985,348659.61,160,72,Greed
2024-12-29,2932.899086,381333.33,244,73,Greed
2024-12-30,8657.018081,1191750.57,302,65,Greed
2024-12-31,-4276.254108000001,867887.62,272,64,Greed
2025-01-01,2272.76769,328861.65,163,66,Greed
2025-01-02,8134.438155,762411.32,379,70,Greed
2025-01-03,4671.049715,549647.35,450,74,Greed
2025-01-04,3978.5128640000003,1977632.16,391,73,Greed
2025-01-05,1786.796002,422895.26,239,72,Greed
2025-01-06,6046.471218000001,429520.71,551,76,Extreme Greed
2025-01-07,20281.306818,2148691.2600000002,846,78,Extreme Greed
2025-01-08,126027.192072,2428988.54,1026,70,Greed
2025-01-09,4547.181257999999,4113308.15,620,69,Greed
2025-01-10,33440.231444,4008089.75,536,50,Neutral
2025-01-11,1406.990609,1566280.75,281,69,Greed
2025-01-12,6065.1640800000005,2522341.59,590,62,Greed
2025-01-13,20982.658074,2501219.32,479,61,Greed
2025-01-14,5844.289521000001,1363716.97,227,63,Greed
2025-01-15,14725.263549,1643989.78,366,70,Greed
2025-01-16,20129.51035,2838363.44,266,75,Extreme Greed
2025-01-17,6060.980589,887491.4,216,75,Extreme Greed
2025-01-18,4408.493654999999,3643728.08,764,77,Extreme Greed
2025-01-19,88800.634307,12710876.72,1823,77,Extreme Greed
2025-01-20,86324.992679,4595599.78,996,76,Extreme Greed
2025-01-21,8803.699602,1413631.32,531,76,Extreme Greed
2025-01-22,20223.294429,1645018.32,875,84,Extreme Greed
2025-01-23,106157.684142,4449470.9,1539,75,Extreme Greed
2025-01-24,7415.037188,1268823.37,551,75,Extreme Greed
2025-01-25,-13422.707768,558358.92,414,75,Extreme Greed
2025-01-26,41494.608714,1584597.93,481,73,Greed
2025-01-27,41503.695273,1198906.54,809,71,Greed
2025-01-28,16918.060022,1273346.54,827,72,Greed
2025-01-29,34780.861689,2611991.07,702,72,Greed
2025-01-30,18750.564854,2139937.55,1086,70,Greed
2025-01-31,35992.120465,2617094.93,908,76,Extreme Greed
2025-02-01,56593.463836,2867333.09,1097,68,Greed
2025-02-02,277184.586276,13367534.01,1319,60,Greed
2025-02-03,218563.123944,16734615.2,2575,44,Fear
2025-02-04,453317.022813,17629733.67,2262,72,Greed
2025-02-05,31099.975954999998,3381761.52,1050,54,Neutral
2025-02-06,7635.792227999998,2915127.2,1559,49,Neutral
2025-02-07,22695.833513999998,3619850.26,1720,44,Fear
2025-02-08,2332.528687,700651.3099999999,538,44,Fear
2025-02-09,205442.472968,4875566.93,695,46,Neutral
2025-02-10,7093.074541,2152587.71,667,43,Fear
2025-02-11,4505.511981000001,2938112.14,1077,47,Neutral
2025-02-12,19737.689546999998,4506407.46,1557,46,Neutral
2025-02-13,211258.329156,3212049.57,1180,50,Neutral
2025-02-14,27590.51584,3492549.86,1656,48,Neutral
2025-02-15,37440.056881,1058049.27,478,50,Neutral
2025-02-16,2418.931102,691192.74,749,54,Neutral
2025-02-17,3937.52993,2345878.28,941,51,Neutral
2025-02-18,94400.153942,3703151.84,1719,47,Neutral
2025-02-19,50157.73474,5059431.23,2282,44,Fear
2025-02-20,89659.355004,2953026.2399999998,1562,49,Neutral
2025-02-21,43689.170281,4975305.34,1503,55,Greed
2025-02-22,17011.893458,1628131.1,525,49,Neutral
2025-02-23,21400.121724,1038114.2,535,50,Neutral
2025-02-24,94372.920704,19146227.69,7454,49,Neutral
2025-02-25,165683.870315,14969913.94,4978,25,Fear
2025-02-26,-3088.4468940000015,1957574.92,506,21,Extreme Fear
2025-02-27,150306.623966,2968041.04,1059,10,Extreme Fear
2025-02-28,77819.274591,2330474.34,755,16,Extreme Fear
2025-03-01,10128.274607,246855.61000000002,153,20,Extreme Fear
2025-03-02,70910.713087,6851806.15,813,26,Fear
2025-03-03,632873.423559,9161421.29,1592,33,Fear
2025-03-04,232134.79451,11380286.42,2531,15,Extreme Fear
2025-03-05,201588.096149,7865894.5600000005,1209,20,Extreme Fear
2025-03-06,22311.519091000002,16183999.39,1675,25,Fear
2025-03-07,157235.039383,10498822.9,1782,34,Fear
2025-03-08,9609.358807,901033.72,542,28,Fear
2025-03-09,20817.095659000002,14634251.94,1650,27,Fear
2025-03-10,-51970.27505,15951579.48,3061,20,Extreme Fear
2025-03-11,223399.891606,15562459.1,4067,24,Extreme Fear
2025-03-12,34014.498988,13638894.21,2618,34,Fear
2025-03-13,24370.858321,3945009.23,1168,45,Neutral
2025-03-14,92714.197018,9152165.82,2078,27,Fear
2025-03-15,33497.074281,750938.22,221,46,Neutral
2025-03-16,-2008.9029359999988,10650571.52,779,30,Fear
2025-03-17,93959.62231,3525506.16,707,32,Fear
2025-03-18,7483.304346,3637786.83,780,34,Fear
2025-03-19,34708.54713,5023680.41,1796,32,Fear
2025-03-20,2357.092573,1075016.05,631,49,Neutral
2025-03-21,12516.252424,2696819.75,865,31,Fear
2025-03-22,8998.232514,703960.04,277,32,Fear
2025-03-23,13858.034381,2697387.98,570,30,Fear
2025-03-24,135808.700965,3818240.99,1003,45,Neutral
2025-03-25,5973.894923,4754660.28,850,46,Neutral
2025-03-26,25443.537876,7988748.48,3106,47,Neutral
2025-03-27,48702.545905,2795895.11,709,40,Fear
2025-03-28,23517.537782,1990941.67,1002,44,Fear
2025-03-29,8985.956622,2874311.08,1563,26,Fear
2025-03-30,15032.844293,3388624.25,599,32,Fear
2025-03-31,3804.9486159999997,1614665.02,438,34,Fear
2025-04-01,-1669.7787990000004,759514.89,269,34,Fear
2025-04-02,198719.634859,7293619.3,1434,44,Fear
2025-04-03,5272.497262,5685254.08,1541,25,Fear
2025-04-04,2184.088478,3962483.33,1167,28,Fear
2025-04-05,4178.427732,639951.84,246,30,Fear
2025-04-06,37145.7286,7843164.35,1761,34,Fear
2025-04-07,43344.875183,11655386.56,2319,23,Extreme Fear
2025-04-08,36416.74677,9112872.61,1076,24,Extreme Fear
2025-04-09,146424.966292,37035403.36,4440,18,Extreme Fear
2025-04-10,44337.764566,18953571.68,1378,39,Fear
2025-04-11,152858.153685,26306383.92,1707,25,Fear
2025-04-12,402485.239189,51097568.5,2055,43,Fear
2025-04-13,47331.968911,7643018.24,1017,45,Neutral
2025-04-14,41034.451349999996,9297735.75,663,31,Fear
2025-04-15,65220.012642,23524374.38,1230,38,Fear
2025-04-16,64108.009494,33836950.44,1666,29,Fear
2025-04-17,42765.363192,25084890.29,2117,30,Fear
2025-04-18,-31985.635386,3890342.85,1012,33,Fear
2025-04-19,70323.882362,31486351.08,2827,32,Fear
2025-04-20,48126.158055,23120398.12,1877,37,Fear
2025-04-21,31264.441364,40646778.74,1456,39,Fear
2025-04-22,-73983.57208900001,43622099.42,4560,47,Neutral
2025-04-23,-263645.034956,27113405.07,5593,72,Greed
2025-04-24,16886.714344,44057502.11,1715,63,Greed
2025-04-25,11334.80486,12055386.03,1425,60,Greed
2025-04-26,-4271.024566,1875309.39,725,65,Greed
2025-04-27,2609.847432,575211.38,430,61,Greed
2025-04-28,53507.209606,41121301.78,2037,54,Neutral
2025-04-29,121093.546771,29541188.54,2101,60,Greed
2025-04-30,-7787.045364999998,5936390.12,1137,56,Greed
2025-05-01,64475.562776,6941998.39,597,53,Neutral
